pos,mean_posterior_occupancy,mutation_rate_any,mutation_rate_CtoT
0,0.0,0.0,0.0
1,0.028042594937266546,0.0,0.0
2,0.05362819109204687,0.0,0.0
3,0.0775511087269605,0.0,0.0
4,0.10012152360664939,0.0,0.0
5,0.12124810688675237,0.0,0.0
6,0.14141498160348193,0.0,0.0
7,0.16090516987080175,0.0,0.0
8,0.1795905913908692,0.01,0.01
9,0.19603282158667462,0.0,0.0
10,0.21225406111550638,0.0,0.0
11,0.22773084779584077,0.0,0.0
12,0.24387991955347577,0.01,0.01
13,0.2586976558081762,0.01,0.01
14,0.2716836509809831,0.01,0.01
15,0.2830289771343039,0.0,0.0
16,0.2943292381507816,0.0,0.0
17,0.30561450020539643,0.01,0.01
18,0.31644487845723207,0.01,0.01
19,0.3265458842065603,0.02,0.02
20,0.3345082107117118,0.0,0.0
21,0.34305652496779887,0.03,0.03
22,0.34769668052944364,0.0,0.0
23,0.35358726995414835,0.01,0.01
24,0.358371828378775,0.01,0.01
25,0.3623188145760654,0.0,0.0
26,0.36750545487879066,0.0,0.0
27,0.37290865241340904,0.0,0.0
28,0.3797575980449087,0.02,0.02
29,0.38515582521486147,0.02,0.02
30,0.3890528410992355,0.0,0.0
31,0.39398899346177046,0.03,0.03
32,0.3969562290436947,0.02,0.02
33,0.39782568969821275,0.02,0.02
34,0.39750907023254817,0.01,0.01
35,0.396765058316389,0.01,0.01
36,0.39685551603653507,0.01,0.01
37,0.39728469015783935,0.0,0.0
38,0.3993725514314386,0.0,0.0
39,0.40281196980107636,0.03,0.03
40,0.4045240174397717,0.01,0.01
41,0.4065883315567314,0.03,0.03
42,0.4067316393538809,0.02,0.02
43,0.40512655756240307,0.01,0.01
44,0.4027628156612378,0.01,0.01
45,0.4003067581506675,0.01,0.01
46,0.39797013710298174,0.02,0.02
47,0.3953623226152407,0.01,0.01
48,0.3924628292997648,0.01,0.01
49,0.38992168853867226,0.01,0.01
50,0.3875059805439722,0.0,0.0
51,0.38602809214969697,0.0,0.0
52,0.38605640537895836,0.0,0.0
53,0.38733007862106433,0.0,0.0
54,0.3895456990823697,0.01,0.01
55,0.3916187088985885,0.02,0.02
56,0.39299015137588794,0.03,0.03
57,0.3930524021188793,0.01,0.01
58,0.39283365661949093,0.0,0.0
59,0.3931251609630727,0.02,0.02
60,0.3922151285572672,0.01,0.01
61,0.39198609963229286,0.0,0.0
62,0.39261955110242863,0.03,0.03
63,0.39134797551827527,0.0,0.0
64,0.3912872274315146,0.01,0.01
65,0.39105261340670344,0.02,0.02
66,0.3898878725014569,0.01,0.01
67,0.38875131142057845,0.02,0.02
68,0.38622430520767076,0.0,0.0
69,0.38445855687142955,0.0,0.0
70,0.38296915115810903,0.0,0.0
71,0.3822129359711457,0.02,0.02
72,0.3805901403982256,0.01,0.01
73,0.37897546337485777,0.0,0.0
74,0.3786079081582752,0.0,0.0
75,0.3795380420547978,0.0,0.0
76,0.38131327784863883,0.01,0.01
77,0.3838834281427811,0.02,0.02
78,0.3849234086649252,0.0,0.0
79,0.3873264881772205,0.02,0.02
80,0.3888118952576447,0.01,0.01
81,0.39056260649440655,0.0,0.0
82,0.39343736441155114,0.01,0.01
83,0.3966442317841453,0.0,0.0
84,0.4010520252394602,0.02,0.02
85,0.404537552302219,0.01,0.01
86,0.40799297915480814,0.01,0.01
87,0.4112466509982551,0.02,0.02
88,0.4127687084378712,0.0,0.0
89,0.41545685173610364,0.03,0.03
90,0.4167670647816756,0.0,0.0
91,0.4193601283345821,0.03,0.03
92,0.41974032639039455,0.02,0.02
93,0.4181512885857957,0.01,0.01
94,0.4168163708389039,0.0,0.0
95,0.41650592040307793,0.05,0.05
96,0.41317110188226036,0.01,0.01
97,0.40985912660143825,0.0,0.0
98,0.4078853539947535,0.01,0.01
99,0.4055654092239833,0.0,0.0
100,0.40470079650404,0.02,0.02
101,0.40389429045925923,0.01,0.01
102,0.4032678716406464,0.01,0.01
103,0.40245218389891946,0.0,0.0
104,0.4032074046978382,0.01,0.01
105,0.40475951737865,0.01,0.01
106,0.40611844628293986,0.01,0.01
107,0.40721007131687637,0.0,0.0
108,0.4099482094786039,0.02,0.02
109,0.41274820047555133,0.01,0.01
110,0.41563073527558186,0.03,0.03
111,0.4157099930637672,0.02,0.02
112,0.4142116650164963,0.02,0.02
113,0.41220124750459675,0.0,0.0
114,0.4111483915294993,0.0,0.0
115,0.4117636398039398,0.02,0.02
116,0.4119340199351704,0.0,0.0
117,0.41314695369917,0.04,0.04
118,0.41138546248006647,0.0,0.0
119,0.4106920550802887,0.02,0.02
120,0.40951726434866825,0.01,0.01
121,0.40809579914265803,0.0,0.0
122,0.4079248304965899,0.01,0.01
123,0.40723596779686205,0.01,0.01
124,0.40727025483433266,0.01,0.01
125,0.4072735876607232,0.01,0.01
126,0.40739478909804794,0.0,0.0
127,0.40872708684067893,0.01,0.01
128,0.4094496278824423,0.01,0.01
129,0.40992146210485936,0.01,0.01
130,0.4107115299070643,0.01,0.01
131,0.4118288924456169,0.02,0.02
132,0.41242989624237014,0.01,0.01
133,0.41288283963612565,0.01,0.01
134,0.4132295192010394,0.03,0.03
135,0.41237121698466017,0.01,0.01
136,0.4120635172036635,0.01,0.01
137,0.41172174087253205,0.0,0.0
138,0.4128388713769304,0.02,0.02
139,0.4132599728646562,0.01,0.01
140,0.41400421554918976,0.01,0.01
141,0.415232834399823,0.01,0.01
142,0.4171245827267148,0.02,0.02
143,0.41854067014317936,0.02,0.02
144,0.4187131217124662,0.0,0.0
145,0.41963403552001943,0.0,0.0
146,0.4219335151540403,0.01,0.01
147,0.4245357457888341,0.01,0.01
148,0.42766698445754187,0.02,0.02
149,0.43009480680361045,0.03,0.03
150,0.431552716926203,0.0,0.0
151,0.43395935410878794,0.02,0.02
152,0.43547689376673027,0.01,0.01
153,0.4369545416524563,0.04,0.04
154,0.43700369211218565,0.02,0.02
155,0.4356483830071449,0.03,0.03
156,0.4322958034688275,0.01,0.01
157,0.42943142934017364,0.0,0.0
158,0.42830634177581006,0.0,0.0
159,0.4283361670679475,0.04,0.04
160,0.4256702272522188,0.01,0.01
161,0.42285688882772404,0.0,0.0
162,0.4214080711657956,0.02,0.02
163,0.41890401468078,0.03,0.03
164,0.4162320438173755,0.02,0.02
165,0.41189121964895375,0.0,0.0
166,0.4084402631109771,0.01,0.01
167,0.40562224129241964,0.03,0.03
168,0.4007610435475886,0.0,0.0
169,0.3970131565011302,0.01,0.01
170,0.39328411622910464,0.02,0.02
171,0.38962390971729427,0.01,0.01
172,0.3854892170385491,0.01,0.01
173,0.38189273325353684,0.01,0.01
174,0.3786599806587254,0.0,0.0
175,0.3769977949910173,0.0,0.0
176,0.3761969634971464,0.02,0.02
177,0.3743397179480673,0.0,0.0
178,0.3731042501696505,0.03,0.03
179,0.36931785199960776,0.0,0.0
180,0.3670760327657059,0.0,0.0
181,0.3657676780736686,0.0,0.0
182,0.36502974449793946,0.0,0.0
183,0.3644878092323077,0.0,0.0
184,0.36483221143438455,0.02,0.02
185,0.36390620330817647,0.01,0.01
186,0.3637130835963742,0.0,0.0
187,0.3642981574904537,0.0,0.0
188,0.36543186620821766,0.02,0.02
189,0.36442320466462363,0.02,0.02
190,0.36219253996992357,0.0,0.0
191,0.36189066796028174,0.0,0.0
192,0.3622175829971155,0.02,0.02
193,0.36066520188907014,0.0,0.0
194,0.36043167628911116,0.0,0.0
195,0.3609099153432519,0.02,0.02
196,0.35992715175065165,0.01,0.01
197,0.35822920796812197,0.0,0.0
198,0.35827963794819406,0.02,0.02
199,0.3577582027409484,0.0,0.0
200,0.3577564187758872,0.0,0.0
201,0.3584173436983157,0.02,0.02
202,0.35736705302672733,0.0,0.0
203,0.35716334431497193,0.01,0.01
204,0.35712958021174773,0.0,0.0
205,0.35791872075367365,0.01,0.01
206,0.35878456292205885,0.0,0.0
207,0.36011458963549053,0.03,0.03
208,0.35911504585445414,0.0,0.0
209,0.3588375334220968,0.0,0.0
210,0.3597988498497815,0.01,0.01
211,0.36072411996080417,0.01,0.01
212,0.3621063970974974,0.0,0.0
213,0.3643199991233263,0.0,0.0
214,0.36740730492900703,0.0,0.0
215,0.3713480700769551,0.01,0.01
216,0.37476446091201027,0.04,0.04
217,0.374828611338862,0.0,0.0
218,0.375648401790534,0.01,0.01
219,0.3766593802702166,0.02,0.02
220,0.3760661346652841,0.0,0.0
221,0.3760843796248507,0.01,0.01
222,0.37638137873433214,0.0,0.0
223,0.3777432604135052,0.0,0.0
224,0.38011829008113474,0.01,0.01
225,0.38217155323597696,0.02,0.02
226,0.38368179973988603,0.01,0.01
227,0.3851426198217876,0.0,0.0
228,0.388058269490176,0.02,0.02
229,0.39079901585868526,0.04,0.04
230,0.3897616774655879,0.02,0.02
231,0.3872004887352517,0.0,0.0
232,0.38628532356045897,0.02,0.02
233,0.383699978218107,0.01,0.01
234,0.3803742865038861,0.0,0.0
235,0.3781341316614944,0.01,0.01
236,0.37575213664037627,0.0,0.0
237,0.3743250369396177,0.0,0.0
238,0.3735619555684564,0.01,0.01
239,0.37326741625404947,0.01,0.01
240,0.3725793476794887,0.01,0.01
241,0.371881420329641,0.03,0.03
242,0.3687834171708823,0.01,0.01
243,0.36569882384344604,0.01,0.01
244,0.3627341043252442,0.0,0.0
245,0.3605904118913943,0.0,0.0
246,0.35904848350650165,0.0,0.0
247,0.3590672553911389,0.0,0.0
248,0.35979396442608574,0.01,0.01
249,0.36078402960904915,0.02,0.02
250,0.360622013954428,0.01,0.01
251,0.3602166122347231,0.0,0.0
252,0.36041071251387174,0.0,0.0
253,0.3615183909752917,0.0,0.0
254,0.36362172498375805,0.01,0.01
255,0.3663939443771491,0.0,0.0
256,0.36980306408306096,0.0,0.0
257,0.3737793984073544,0.01,0.01
258,0.3781147519080482,0.02,0.02
259,0.3808929822740302,0.02,0.02
260,0.3826424476401244,0.02,0.02
261,0.38308157074384735,0.0,0.0
262,0.38435922724375404,0.03,0.03
263,0.3839387468563036,0.02,0.02
264,0.3820581437757265,0.01,0.01
265,0.3802035563640488,0.01,0.01
266,0.37798837379261385,0.0,0.0
267,0.3767954833997371,0.0,0.0
268,0.3763475557021362,0.02,0.02
269,0.37463238399060905,0.01,0.01
270,0.3729052314453983,0.01,0.01
271,0.3713762184327038,0.01,0.01
272,0.37044158318119735,0.01,0.01
273,0.3693305895310711,0.01,0.01
274,0.369296777414831,0.0,0.0
275,0.36980529215416297,0.0,0.0
276,0.37078229423665604,0.02,0.02
277,0.37120903159960755,0.0,0.0
278,0.3725597031831524,0.0,0.0
279,0.3744571608906036,0.01,0.01
280,0.37688844166365526,0.01,0.01
281,0.37906500121266157,0.0,0.0
282,0.3828650666501085,0.0,0.0
283,0.38761582073512846,0.03,0.03
284,0.3899335923368655,0.0,0.0
285,0.3936582760296872,0.01,0.01
286,0.3968222702887782,0.01,0.01
287,0.3994287393139802,0.03,0.03
288,0.39896785355017655,0.01,0.01
289,0.39900994331351763,0.02,0.02
290,0.3973215544066081,0.01,0.01
291,0.39557438499151365,0.01,0.01
292,0.3935779071140141,0.01,0.01
293,0.3916188159380409,0.0,0.0
294,0.39019269264941575,0.01,0.01
295,0.3884232703931111,0.01,0.01
296,0.3856235194853056,0.02,0.02
297,0.38246643337724384,0.0,0.0
298,0.37978325389137796,0.01,0.01
299,0.37673697436030124,0.01,0.01
300,0.3741898236600716,0.0,0.0
301,0.37235442510780176,0.01,0.01
302,0.3706505643691101,0.0,0.0
303,0.37098221223963757,0.01,0.01
304,0.3712000305426562,0.0,0.0
305,0.37233513430562803,0.0,0.0
306,0.3742236733119855,0.04,0.04
307,0.3721769455223772,0.0,0.0
308,0.371289411290308,0.01,0.01
309,0.3698791171617489,0.02,0.02
310,0.3684120400741718,0.02,0.02
311,0.36535999202773506,0.0,0.0
312,0.36338884351565853,0.0,0.0
313,0.36259462868450576,0.0,0.0
314,0.3629402720499254,0.01,0.01
315,0.36293234346449793,0.01,0.01
316,0.3627697024170466,0.0,0.0
317,0.3634328808018957,0.02,0.02
318,0.36396410538189644,0.01,0.01
319,0.363664473321575,0.0,0.0
320,0.3638773398705267,0.0,0.0
321,0.3646996154026764,0.02,0.02
322,0.3637634810737127,0.01,0.01
323,0.36283889786487356,0.0,0.0
324,0.36342187001197923,0.01,0.01
325,0.36304751358441395,0.0,0.0
326,0.3636483813574148,0.01,0.01
327,0.3638436502378941,0.0,0.0
328,0.36464775230094765,0.0,0.0
329,0.3667897105903781,0.0,0.0
330,0.3694705263370404,0.01,0.01
331,0.372578568684801,0.02,0.02
332,0.374638536617748,0.01,0.01
333,0.37672131367992606,0.02,0.02
334,0.3779724740461953,0.01,0.01
335,0.3787110287125236,0.0,0.0
336,0.3807136431042176,0.02,0.02
337,0.3807502208909835,0.01,0.01
338,0.38017538492777303,0.01,0.01
339,0.37911296075142237,0.02,0.02
340,0.37668760759191317,0.0,0.0
341,0.37512007007021303,0.01,0.01
342,0.373202640163246,0.0,0.0
343,0.3719092450334054,0.01,0.01
344,0.3699471475686055,0.0,0.0
345,0.3691925601785189,0.0,0.0
346,0.3691299829193268,0.0,0.0
347,0.3705612360770872,0.0,0.0
348,0.37293163775339794,0.02,0.02
349,0.37321014757030846,0.01,0.01
350,0.3726919929990677,0.02,0.02
351,0.37055737614937007,0.01,0.01
352,0.3681668895509904,0.02,0.02
353,0.3642130660648855,0.01,0.01
354,0.35992829084913547,0.0,0.0
355,0.3562945771187331,0.0,0.0
356,0.35318673532358885,0.02,0.02
357,0.3497454090510031,0.0,0.0
358,0.3466081767888061,0.01,0.01
359,0.3429638664714677,0.01,0.01
360,0.3390226940828077,0.0,0.0
361,0.33603018002673024,0.0,0.0
362,0.33420205000325576,0.01,0.01
363,0.33194937785055406,0.01,0.01
364,0.3301264475145059,0.01,0.01
365,0.3275666217537936,0.0,0.0
366,0.32610068765869826,0.0,0.0
367,0.32481616333576013,0.01,0.01
368,0.3232841592851188,0.0,0.0
369,0.3223352799078706,0.01,0.01
370,0.3212380465585069,0.0,0.0
371,0.32073285865191875,0.0,0.0
372,0.32045098417883017,0.01,0.01
373,0.3206700391203794,0.0,0.0
374,0.3211587717279168,0.0,0.0
375,0.32182449839546057,0.01,0.01
376,0.3222315301291105,0.0,0.0
377,0.32371746224690523,0.0,0.0
378,0.3257138282647958,0.0,0.0
379,0.32918736667761744,0.0,0.0
380,0.3328874077572887,0.02,0.02
381,0.3347304585861094,0.0,0.0
382,0.3374879483584971,0.01,0.01
383,0.3404318992890444,0.0,0.0
384,0.3435005065260716,0.02,0.02
385,0.34436637206823884,0.0,0.0
386,0.3456494348585203,0.02,0.02
387,0.34581789129296775,0.02,0.02
388,0.3451431735981623,0.0,0.0
389,0.3451727383427782,0.0,0.0
390,0.34532608654692887,0.0,0.0
391,0.34626431404132485,0.02,0.02
392,0.34538262625909266,0.0,0.0
393,0.34503095996892064,0.0,0.0
394,0.3456035968203478,0.0,0.0
395,0.3467022123975543,0.0,0.0
396,0.3486274497629669,0.01,0.01
397,0.3496106773308709,0.0,0.0
398,0.3514770719644014,0.0,0.0
399,0.354274055830339,0.01,0.01
400,0.35642631309052525,0.01,0.01
401,0.3592324342333134,0.0,0.0
402,0.3626738064030206,0.02,0.02
403,0.3637778778952586,0.01,0.01
404,0.3647191894740863,0.01,0.01
405,0.36620286598386814,0.0,0.0
406,0.36816901279000425,0.02,0.02
407,0.36840102823146154,0.01,0.01
408,0.36842746820883243,0.0,0.0
409,0.3692649571905158,0.02,0.02
410,0.3693913691096308,0.0,0.0
411,0.37026892985740545,0.01,0.0
412,0.372537216971258,0.02,0.02
413,0.3728318022437853,0.01,0.01
414,0.3725320360178524,0.01,0.01
415,0.3721458205610951,0.0,0.0
416,0.37252905657779406,0.01,0.01
417,0.3720897879562859,0.0,0.0
418,0.37259147309747287,0.01,0.01
419,0.3726630872879777,0.02,0.02
420,0.3718453233517471,0.0,0.0
421,0.37201205743700755,0.02,0.02
422,0.37026749925050256,0.0,0.0
423,0.36913895997114177,0.0,0.0
424,0.36908276715829447,0.04,0.04
425,0.3668872165099992,0.0,0.0
426,0.3652719839718344,0.0,0.0
427,0.3640527263513227,0.02,0.02
428,0.36166483266569166,0.01,0.01
429,0.359626689720074,0.01,0.01
430,0.35743790722612734,0.0,0.0
431,0.3556088696046406,0.0,0.0
432,0.3552753085482033,0.02,0.02
433,0.35338273604258164,0.0,0.0
434,0.35180521101366774,0.0,0.0
435,0.3515769316165314,0.0,0.0
436,0.35206863565671476,0.0,0.0
437,0.3540403509023472,0.0,0.0
438,0.35672150742708036,0.01,0.01
439,0.3594368245721205,0.02,0.02
440,0.3604015477591069,0.0,0.0
441,0.3623945013248214,0.0,0.0
442,0.3646127267669959,0.01,0.01
443,0.36768058078591004,0.0,0.0
444,0.3726515800349776,0.01,0.01
445,0.37727240309724713,0.03,0.03
446,0.3787566915246223,0.0,0.0
447,0.38128805771518814,0.01,0.01
448,0.3835489358808806,0.01,0.01
449,0.3856549927970244,0.05,0.05
450,0.3841220765678077,0.02,0.02
451,0.38162247033200236,0.0,0.0
452,0.37990684024341204,0.03,0.03
453,0.3764126693743472,0.0,0.0
454,0.3741082984077843,0.0,0.0
455,0.3733667121128395,0.02,0.02
456,0.37235917527653034,0.01,0.01
457,0.37168431714188116,0.0,0.0
458,0.37212320075349065,0.0,0.0
459,0.3732137493101956,0.0,0.0
460,0.37566304362424296,0.0,0.0
461,0.3789782616919984,0.03,0.03
462,0.3803250826310407,0.01,0.01
463,0.3812693506074341,0.03,0.03
464,0.38116328142013856,0.03,0.03
465,0.37991406664189226,0.0,0.0
466,0.37930314948626,0.01,0.01
467,0.37920485411250004,0.0,0.0
468,0.380260954577513,0.0,0.0
469,0.38229380747352215,0.0,0.0
470,0.38501996863728266,0.03,0.03
471,0.3867824622723491,0.01,0.01
472,0.3887269842561343,0.03,0.03
473,0.3896800383092563,0.0,0.0
474,0.39165615655208846,0.01,0.01
475,0.3933331393626396,0.04,0.04
476,0.39203216754335457,0.02,0.02
477,0.39002405208845026,0.0,0.0
478,0.38897320120563333,0.02,0.02
479,0.38714231665604054,0.0,0.0
480,0.38605425356596773,0.0,0.0
481,0.3862813757983692,0.0,0.0
482,0.3880770755361076,0.02,0.02
483,0.3887607596522691,0.01,0.01
484,0.3890021481004711,0.0,0.0
485,0.3901841466633186,0.02,0.02
486,0.3896294543022785,0.0,0.0
487,0.39051360679292396,0.02,0.02
488,0.3903041647835568,0.0,0.0
489,0.39095296775906635,0.01,0.01
490,0.3918524263338829,0.01,0.01
491,0.3928255344775302,0.01,0.01
492,0.39341789734687294,0.0,0.0
493,0.39550845546119207,0.01,0.01
494,0.39741264674173366,0.01,0.01
495,0.39912068709837273,0.01,0.01
496,0.4008477721574061,0.01,0.01
497,0.40265585807008447,0.02,0.02
498,0.4023001023651336,0.02,0.02
499,0.401039940186679,0.01,0.01
500,0.3997630022708604,0.01,0.01
501,0.39767693231950463,0.01,0.01
502,0.3954581922213856,0.01,0.01
503,0.3930369875837285,0.03,0.03
504,0.38779540642598187,0.0,0.0
505,0.3832261633644555,0.0,0.0
506,0.3795803692321536,0.03,0.03
507,0.3746875153774291,0.01,0.01
508,0.369756920114617,0.0,0.0
509,0.3659011230239638,0.0,0.0
510,0.3635179680480279,0.01,0.01
511,0.36157851940618807,0.01,0.01
512,0.35951155440087684,0.01,0.01
513,0.35735718728034177,0.0,0.0
514,0.3558226222123657,0.0,0.0
515,0.3551422543972009,0.0,0.0
516,0.3549591874238056,0.01,0.01
517,0.35526937153598603,0.01,0.01
518,0.3561372726782709,0.02,0.02
519,0.3552780552188237,0.02,0.02
520,0.3528008807063571,0.0,0.0
521,0.35106324910088355,0.01,0.01
522,0.34868994702016565,0.0,0.0
523,0.34702928604496436,0.01,0.01
524,0.345555122709927,0.0,0.0
525,0.34513991879507455,0.0,0.0
526,0.3457144479835653,0.0,0.0
527,0.3469251070436555,0.01,0.01
528,0.3476755102451589,0.0,0.0
529,0.3492462338782863,0.01,0.01
530,0.35034462188999327,0.0,0.0
531,0.35168897938156496,0.01,0.01
532,0.3528412537887313,0.0,0.0
533,0.354952492557692,0.02,0.02
534,0.3548634217361778,0.01,0.01
535,0.35443613717539146,0.01,0.01
536,0.3532954769753554,0.0,0.0
537,0.3531145985074873,0.01,0.01
538,0.35263565072231423,0.0,0.0
539,0.35253399145164105,0.0,0.0
540,0.3532478863673947,0.0,0.0
541,0.3550110988209792,0.0,0.0
542,0.357660507952071,0.01,0.01
543,0.35993889557652814,0.01,0.01
544,0.36198104230543576,0.03,0.03
545,0.3613509072159624,0.0,0.0
546,0.36126423507692207,0.0,0.0
547,0.36198632803597003,0.0,0.0
548,0.3635781756792862,0.01,0.01
549,0.36416846250391566,0.01,0.01
550,0.3646539136828466,0.03,0.03
551,0.36188960650227747,0.0,0.0
552,0.3602737019543827,0.0,0.0
553,0.3594691277691427,0.0,0.0
554,0.35915370937313335,0.0,0.0
555,0.35945239169347226,0.0,0.0
556,0.3601923579716382,0.02,0.02
557,0.3589909145582766,0.01,0.01
558,0.3571261175365173,0.0,0.0
559,0.35620828395208176,0.01,0.01
560,0.3546975178579531,0.0,0.0
561,0.353995623740219,0.01,0.01
562,0.35308185231319783,0.0,0.0
563,0.35270167175807465,0.02,0.02
564,0.3517183205152339,0.0,0.0
565,0.351035167461076,0.01,0.01
566,0.3492733378981835,0.02,0.02
567,0.34653870660536024,0.0,0.0
568,0.3449210124229809,0.0,0.0
569,0.3442829419663792,0.01,0.01
570,0.3436876336571972,0.0,0.0
571,0.3442165771574348,0.01,0.01
572,0.3442292993347025,0.0,0.0
573,0.3454615913251001,0.0,0.0
574,0.3476285318508512,0.02,0.02
575,0.3479987967511623,0.01,0.01
576,0.34787578965676647,0.01,0.01
577,0.34788985189368404,0.0,0.0
578,0.348302959473498,0.0,0.0
579,0.34930516294327324,0.01,0.01
580,0.350286544653993,0.0,0.0
581,0.35227241689875755,0.02,0.02
582,0.3534107640144837,0.0,0.0
583,0.3556769907235111,0.0,0.0
584,0.35841387321339624,0.02,0.02
585,0.3592583412692752,0.01,0.01
586,0.35960487455339224,0.01,0.01
587,0.35983512620730224,0.01,0.01
588,0.36017750282356853,0.02,0.02
589,0.35906271143993385,0.0,0.0
590,0.35914219050540275,0.0,0.0
591,0.36017843218986856,0.02,0.02
592,0.36068530425526324,0.01,0.01
593,0.3620290768484103,0.0,0.0
594,0.3638498578758527,0.01,0.01
595,0.3650883423847211,0.0,0.0
596,0.36716787496662157,0.01,0.01
597,0.36943180960330146,0.0,0.0
598,0.37275650552752937,0.01,0.01
599,0.37568758021061116,0.01,0.01
600,0.37839320777868757,0.0,0.0
601,0.3827375817000741,0.03,0.03
602,0.384559680879227,0.0,0.0
603,0.38670478686562243,0.01,0.01
604,0.38888406778044166,0.01,0.01
605,0.39033555551354376,0.0,0.0
606,0.39249733909275103,0.03,0.03
607,0.39247397236890647,0.01,0.01
608,0.39375363942714414,0.03,0.03
609,0.39234824167021853,0.0,0.0
610,0.391937872638661,0.01,0.01
611,0.3917254041553902,0.0,0.0
612,0.3922530899483525,0.0,0.0
613,0.39364540963882805,0.01,0.01
614,0.39502451572098785,0.02,0.02
615,0.39476125986395444,0.02,0.02
616,0.39413719067914693,0.01,0.01
617,0.3939488437914253,0.02,0.02
618,0.3931498973110219,0.01,0.01
619,0.39174569729418257,0.01,0.01
620,0.3902065569576563,0.0,0.0
621,0.3894169622338992,0.01,0.01
622,0.3880201093007944,0.0,0.0
623,0.38774917959111976,0.01,0.01
624,0.38751748395510943,0.01,0.01
625,0.3876016558399245,0.01,0.01
626,0.3868211289546026,0.02,0.02
627,0.38478836192211924,0.0,0.0
628,0.38397722588725075,0.0,0.0
629,0.38420631350828593,0.01,0.01
630,0.3843284924317434,0.01,0.01
631,0.3849966917724458,0.01,0.01
632,0.38550694032022237,0.0,0.0
633,0.3868265913307616,0.0,0.0
634,0.3891019485276984,0.04,0.04
635,0.3890458085900711,0.0,0.0
636,0.39014117854402847,0.01,0.01
637,0.39083207209448534,0.0,0.0
638,0.3923099095103841,0.01,0.01
639,0.39421882221103816,0.02,0.02
640,0.3947676213241065,0.02,0.02
641,0.3952052440196846,0.03,0.03
642,0.39287668358160055,0.01,0.01
643,0.3904378678206041,0.01,0.01
644,0.3876689134515194,0.01,0.01
645,0.38485973240221716,0.0,0.0
646,0.38272700236222884,0.01,0.01
647,0.3813780849969925,0.02,0.02
648,0.378606208902789,0.0,0.0
649,0.37644325370446075,0.0,0.0
650,0.37506914904822736,0.0,0.0
651,0.37437069844347237,0.0,0.0
652,0.37471552117445583,0.0,0.0
653,0.37588085185992065,0.0,0.0
654,0.3778622889073551,0.01,0.01
655,0.3806525981652996,0.02,0.02
656,0.3818408817765971,0.02,0.02
657,0.38267489640577657,0.0,0.0
658,0.3846227048717082,0.01,0.01
659,0.38616909820099304,0.0,0.0
660,0.38859266283962407,0.01,0.01
661,0.3902780843904457,0.0,0.0
662,0.3927076080672503,0.03,0.03
663,0.3934641540993135,0.02,0.02
664,0.39340922049377597,0.01,0.01
665,0.3934439873936871,0.0,0.0
666,0.39433200503619575,0.0,0.0
667,0.3962667969707299,0.01,0.01
668,0.39882763657818365,0.01,0.01
669,0.4010331538903621,0.01,0.01
670,0.403882415806818,0.01,0.01
671,0.4065376131330993,0.02,0.02
672,0.40825201522965215,0.02,0.02
673,0.4085917589181029,0.0,0.0
674,0.41031969728953643,0.0,0.0
675,0.4130139675117187,0.03,0.03
676,0.4123884118080505,0.01,0.01
677,0.4120944864832093,0.01,0.01
678,0.4116434667706923,0.02,0.01
679,0.4123866050416149,0.03,0.03
680,0.4103883684428129,0.01,0.01
681,0.4080490172595481,0.02,0.02
682,0.40461318600729224,0.02,0.02
683,0.4002314508793199,0.0,0.0
684,0.3964136589558553,0.01,0.01
685,0.3925142872264846,0.0,0.0
686,0.39036392659361835,0.01,0.01
687,0.38832447835820055,0.0,0.0
688,0.3875759930276629,0.02,0.02
689,0.3847154100096126,0.01,0.01
690,0.38186657705779836,0.02,0.02
691,0.37833442049679433,0.0,0.0
692,0.3753470393468927,0.0,0.0
693,0.3738093360707903,0.01,0.01
694,0.3724098739293449,0.0,0.0
695,0.37200978701434567,0.0,0.0
696,0.37212424304761377,0.03,0.03
697,0.3703999710991173,0.01,0.01
698,0.36885338996661576,0.02,0.02
699,0.3669837947803946,0.0,0.0
700,0.366000712774613,0.0,0.0
701,0.365951755549191,0.0,0.0
702,0.3660405272862931,0.0,0.0
703,0.3678443578671575,0.03,0.03
704,0.3681170061638388,0.0,0.0
705,0.3691563142310612,0.0,0.0
706,0.3707151073442539,0.01,0.01
707,0.37161570027239965,0.03,0.03
708,0.3696310235516095,0.0,0.0
709,0.3688751980232188,0.0,0.0
710,0.3689141353454556,0.01,0.01
711,0.36910241591144954,0.02,0.02
712,0.36854718932608377,0.0,0.0
713,0.36858901459614707,0.0,0.0
714,0.37010694266429744,0.01,0.01
715,0.37175315257296426,0.01,0.01
716,0.3740255769846625,0.01,0.01
717,0.37613108056801076,0.03,0.03
718,0.37608005281989226,0.0,0.0
719,0.3768571832646231,0.0,0.0
720,0.3785187356730442,0.02,0.02
721,0.37953969996660836,0.01,0.01
722,0.38038833518283327,0.0,0.0
723,0.3825976319255722,0.03,0.03
724,0.38313462902157674,0.0,0.0
725,0.38446055459601075,0.01,0.01
726,0.3857875178859558,0.02,0.02
727,0.38568521147936335,0.01,0.01
728,0.3859460244239129,0.01,0.01
729,0.38586276147911314,0.01,0.01
730,0.38582555561786025,0.01,0.01
731,0.38542260181035454,0.0,0.0
732,0.38642322173787,0.03,0.03
733,0.38566182669921156,0.0,0.0
734,0.38637902427991533,0.01,0.01
735,0.3869235557092637,0.01,0.01
736,0.3869364684157995,0.01,0.01
737,0.38661863758347204,0.02,0.02
738,0.38496771186896644,0.01,0.01
739,0.38270910625748256,0.0,0.0
740,0.38087401378436536,0.02,0.02
741,0.377615083767847,0.01,0.01
742,0.3742764552996249,0.0,0.0
743,0.3718188294350016,0.01,0.01
744,0.36966378684722995,0.01,0.01
745,0.36658425637816516,0.01,0.01
746,0.3643099786960891,0.01,0.01
747,0.3614914495047884,0.0,0.0
748,0.3599914113184468,0.0,0.0
749,0.35952601320984706,0.0,0.0
750,0.36104489940644346,0.02,0.02
751,0.3622956499884913,0.02,0.02
752,0.36316709588043544,0.01,0.01
753,0.3635805499033931,0.0,0.0
754,0.3649261963353406,0.0,0.0
755,0.3666973779619348,0.01,0.01
756,0.3694437142219037,0.01,0.01
757,0.3717564265410737,0.02,0.02
758,0.37388753072173997,0.02,0.02
759,0.374529232141654,0.0,0.0
760,0.37565084091852713,0.03,0.03
761,0.3741048828107952,0.01,0.01
762,0.37239949645332693,0.0,0.0
763,0.37189767853455413,0.02,0.02
764,0.3710593014630176,0.01,0.0
765,0.3725673238868754,0.0,0.0
766,0.37503085196273517,0.02,0.02
767,0.3768651270135062,0.01,0.01
768,0.3796638596139569,0.02,0.02
769,0.38192159271567133,0.01,0.01
770,0.38368293316205054,0.01,0.01
771,0.3837252133573258,0.01,0.01
772,0.3836398961891846,0.02,0.02
773,0.3814073666118607,0.02,0.02
774,0.37785275441590266,0.0,0.0
775,0.37453434180823153,0.01,0.01
776,0.3707563513309492,0.01,0.01
777,0.367100732072451,0.0,0.0
778,0.3648417181880058,0.0,0.0
779,0.3635422547681755,0.01,0.01
780,0.36212775312287776,0.0,0.0
781,0.3613124375531477,0.01,0.01
782,0.36029852789649547,0.0,0.0
783,0.36040221494386016,0.0,0.0
784,0.36138213775358474,0.01,0.01
785,0.36213142278591265,0.0,0.0
786,0.3632794515245076,0.0,0.0
787,0.3657589475443677,0.0,0.0
788,0.3689411472869131,0.02,0.02
789,0.3710696121624978,0.01,0.01
790,0.3733595092056063,0.01,0.01
791,0.3761040172029461,0.03,0.03
792,0.3772758205710624,0.02,0.02
793,0.37689726101208815,0.0,0.0
794,0.376972632846506,0.03,0.03
795,0.3753252911502576,0.02,0.02
796,0.37317824692232215,0.01,0.01
797,0.3703630490628615,0.01,0.01
798,0.36775624535190865,0.01,0.01
799,0.36495361461681236,0.0,0.0
800,0.36281073590047663,0.0,0.0
801,0.36132105232785167,0.01,0.01
802,0.35949505548016797,0.01,0.01
803,0.3576942302136311,0.01,0.01
804,0.35626943492615637,0.0,0.0
805,0.35574326272932333,0.0,0.0
806,0.3562978196349308,0.0,0.0
807,0.35729987233569077,0.01,0.01
808,0.3586102328581763,0.0,0.0
809,0.36081161583798405,0.0,0.0
810,0.36343894019265627,0.0,0.0
811,0.366880912336917,0.03,0.03
812,0.36783185636781757,0.01,0.01
813,0.36876759131936887,0.01,0.01
814,0.369477939715858,0.0,0.0
815,0.37134618310018086,0.01,0.01
816,0.37269196590637704,0.01,0.01
817,0.3738132143324025,0.02,0.02
818,0.3742402804796686,0.01,0.01
819,0.3742971537723377,0.01,0.01
820,0.37368071832673766,0.0,0.0
821,0.373748888658382,0.0,0.0
822,0.374695720347201,0.02,0.02
823,0.3742494583634333,0.01,0.01
824,0.3736478409105687,0.0,0.0
825,0.3740255157906304,0.0,0.0
826,0.37534784564550433,0.01,0.01
827,0.3765355954813212,0.01,0.01
828,0.3779725985258364,0.01,0.01
829,0.37922414821944733,0.0,0.0
830,0.38131125056276227,0.01,0.01
831,0.38330101093739516,0.02,0.02
832,0.3840674578158133,0.0,0.0
833,0.3859555057008153,0.01,0.01
834,0.3873695044160963,0.01,0.01
835,0.38916970179323224,0.01,0.01
836,0.39088911257094755,0.0,0.0
837,0.3942174238523517,0.01,0.01
838,0.39765645497070623,0.01,0.01
839,0.40117316248336954,0.03,0.03
840,0.4030575748768338,0.01,0.01
841,0.40502894835306463,0.02,0.02
842,0.4062628826358951,0.02,0.02
843,0.4068312790536318,0.02,0.02
844,0.40666921563454345,0.01,0.01
845,0.4063891003547457,0.01,0.01
846,0.4057413750607677,0.03,0.03
847,0.40323142288577946,0.02,0.02
848,0.40039405360600705,0.0,0.0
849,0.3984284511275939,0.02,0.02
850,0.3963771131391146,0.0,0.0
851,0.39577657752401313,0.02,0.02
852,0.39476282263514,0.03,0.03
853,0.3908698711986524,0.0,0.0
854,0.3876887619942171,0.0,0.0
855,0.38549470336674946,0.02,0.02
856,0.3823254883845894,0.0,0.0
857,0.38029795045199416,0.0,0.0
858,0.3793900774192734,0.0,0.0
859,0.3789461021996196,0.0,0.0
860,0.37960357009847945,0.01,0.01
861,0.38073322878308763,0.01,0.01
862,0.38176929848920516,0.0,0.0
863,0.3834617677529258,0.02,0.02
864,0.38408019638896784,0.0,0.0
865,0.385766057679492,0.02,0.02
866,0.38681758460172894,0.01,0.01
867,0.38769103423131157,0.03,0.03
868,0.38635781176654865,0.0,0.0
869,0.3863200485950787,0.0,0.0
870,0.3875246970131543,0.02,0.02
871,0.3872683328826077,0.0,0.0
872,0.3883447419917473,0.01,0.01
873,0.3891988061991109,0.01,0.01
874,0.3901524773268666,0.01,0.01
875,0.3917526885968124,0.0,0.0
876,0.39431862318148075,0.02,0.02
877,0.3952584886463039,0.03,0.03
878,0.39515361118665804,0.01,0.01
879,0.39468184907795584,0.0,0.0
880,0.39489696775220645,0.02,0.02
881,0.39347033539925513,0.01,0.01
882,0.3920146494365591,0.0,0.0
883,0.391550492411549,0.03,0.03
884,0.3884949867821513,0.01,0.01
885,0.38490325131093445,0.0,0.0
886,0.3820648897737718,0.0,0.0
887,0.3800404978619521,0.01,0.01
888,0.37857457240589587,0.0,0.0
889,0.37757144116078495,0.01,0.01
890,0.3762677355959003,0.0,0.0
891,0.37628922601941256,0.0,0.0
892,0.3769354662171447,0.01,0.01
893,0.3769019875039673,0.0,0.0
894,0.3775773237797025,0.01,0.01
895,0.3780723933672,0.0,0.0
896,0.3793113119584883,0.0,0.0
897,0.38102973299398973,0.03,0.03
898,0.3807844308247433,0.01,0.01
899,0.3809889474053647,0.01,0.01
900,0.38101626605483657,0.0,0.0
901,0.38214556524627974,0.02,0.02
902,0.3820845917381135,0.0,0.0
903,0.3836100559582862,0.0,0.0
904,0.385641446165112,0.03,0.03
905,0.38538568071480755,0.02,0.02
906,0.38381543686115904,0.0,0.0
907,0.3840341541590363,0.01,0.01
908,0.383972657006032,0.0,0.0
909,0.3853454157025899,0.02,0.02
910,0.3860067619752802,0.01,0.01
911,0.38663584840035226,0.01,0.01
912,0.3865537676945416,0.01,0.01
913,0.3864806311807316,0.0,0.0
914,0.3873996971777906,0.01,0.01
915,0.38882018898740456,0.02,0.02
916,0.38863616527910894,0.01,0.01
917,0.38864730503995965,0.0,0.0
918,0.389196309395599,0.0,0.0
919,0.3905024801564006,0.02,0.02
920,0.3900836335692058,0.0,0.0
921,0.39085255609023706,0.02,0.02
922,0.3901232520954687,0.0,0.0
923,0.3906886382056029,0.02,0.02
924,0.39020045821427496,0.01,0.01
925,0.3902255181863808,0.0,0.0
926,0.39121205686239463,0.01,0.01
927,0.3916036261687993,0.0,0.0
928,0.3928938960836043,0.01,0.01
929,0.39418613683455417,0.02,0.02
930,0.39503298847241486,0.0,0.0
931,0.3969761716533282,0.02,0.02
932,0.39736593239818624,0.0,0.0
933,0.3990606589411726,0.02,0.02
934,0.39979073452596003,0.01,0.01
935,0.4002680342535119,0.01,0.01
936,0.40115109802869237,0.01,0.01
937,0.4021498597146884,0.0,0.0
938,0.4039009340312998,0.02,0.02
939,0.4050027692033298,0.02,0.02
940,0.4053463936977332,0.0,0.0
941,0.406690866590258,0.0,0.0
942,0.4086742000766451,0.01,0.01
943,0.41058540701285423,0.02,0.02
944,0.4129280073778096,0.01,0.01
945,0.41512636836541383,0.01,0.01
946,0.41714216940825444,0.04,0.04
947,0.4159316141518158,0.0,0.0
948,0.4161128198284363,0.0,0.0
949,0.4175613617745496,0.01,0.01
950,0.4186194093164511,0.04,0.04
951,0.41584609429171787,0.0,0.0
952,0.41459009292875565,0.01,0.01
953,0.4133247413142517,0.0,0.0
954,0.4131731215342336,0.0,0.0
955,0.41477437354352525,0.01,0.01
956,0.4160283058053785,0.01,0.01
957,0.41746689766996165,0.01,0.01
958,0.4190831893877669,0.01,0.01
959,0.420246833516563,0.01,0.01
960,0.42148030309028234,0.02,0.02
961,0.4212845861708626,0.03,0.03
962,0.4183802325524001,0.02,0.02
963,0.41570751292489666,0.01,0.01
964,0.41281613577974746,0.0,0.0
965,0.41077225545837814,0.01,0.01
966,0.40889334935078003,0.03,0.03
967,0.40522352190075095,0.0,0.0
968,0.4029246734217486,0.02,0.02
969,0.3990197146423567,0.01,0.01
970,0.3954809541916386,0.01,0.01
971,0.3914634430305691,0.01,0.01
972,0.38804802958587964,0.0,0.0
973,0.38581037553480946,0.0,0.0
974,0.38440472140770976,0.0,0.0
975,0.38351915526296515,0.01,0.01
976,0.3830068998842968,0.02,0.02
977,0.38152473376631973,0.01,0.01
978,0.37937315057756504,0.0,0.0
979,0.3779740044290483,0.0,0.0
980,0.3776190646223163,0.02,0.02
981,0.3761145625947186,0.01,0.01
982,0.3740993132382227,0.0,0.0
983,0.3730439753797775,0.0,0.0
984,0.37268396798385117,0.02,0.02
985,0.37120312269406885,0.0,0.0
986,0.37139913757075377,0.01,0.01
987,0.37220290071280404,0.0,0.0
988,0.3735575649618979,0.0,0.0
989,0.3757330609933905,0.03,0.03
990,0.3762760342425603,0.03,0.03
991,0.37447739342399416,0.0,0.0
992,0.3736739779432536,0.0,0.0
993,0.3733482675211173,0.0,0.0
994,0.37400430787790107,0.01,0.01
995,0.37453090321723215,0.03,0.03
996,0.3723813217378524,0.0,0.0
997,0.3711503471836856,0.0,0.0
998,0.3708903192756695,0.01,0.01
999,0.37005758539771577,0.0,0.0
